wavelength_nm,x_bar,y_bar,z_bar,x_chromaticity,y_chromaticity
390,0.004803042719805542,0.0006402665086693413,0.020805610066405345,0.1829805892520063,0.02439210930844773
391,0.005641965731708379,0.0007316217982760168,0.02449396368190132,0.18277982898545933,0.0237019708254117
392,0.006638025476061828,0.0008380400793573655,0.02888256538614194,0.18257083130360602,0.023049274894435357
393,0.007817888296166914,0.0009616996274080117,0.0340926770116941,0.18235305057875542,0.022431742966228643
394,0.009211568332629762,0.0011049857899895128,0.04026141125987466,0.18212611485985306,0.021847177553171622
395,0.010852500087207208,0.0012704806903093642,0.047542259405391404,0.18188982486181415,0.021293481538239293
396,0.012777509990693974,0.0014609437899887703,0.056105175741279545,0.18164416703441003,0.020768672300775195
397,0.01502665983942508,0.00167928148969097,0.06613610846112457,0.18138928089627407,0.02027088289030725
398,0.01764292406550577,0.0019285046275930226,0.07783579531441297,0.18112541698288412,0.019798373757620915
399,0.02067169150284353,0.0022116725839740115,0.09141768234534249,0.18085303807881228,0.01934953924754034
400,0.024160009130802428,0.0025318216212449644,0.10710480011056035,0.18057262709112393,0.018922910128019783
401,0.028155812545925463,0.0028919890519281503,0.1251261490994434,0.18028494777914825,0.018517742805479298
402,0.032707512223091866,0.003295575298238161,0.14571412935715278,0.17999126766818083,0.018135735043983008
403,0.03786241220751253,0.0037462044893925594,0.16909764563289997,0.17969286621509578,0.017779274559618283
404,0.04366497772422474,0.004247647831152154,0.19549417737622404,0.17939095045135167,0.01745081805435723
405,0.05015501188380162,0.004803832622700503,0.22510123716414712,0.17908661450289776,0.017152864464096716
406,0.057365150449757873,0.005418536692442398,0.25808619480444017,0.17878010270623498,0.016887021803260058
407,0.06531671546789465,0.0060941000352839865,0.29457345784495015,0.1784686398417032,0.01665126203247319
408,0.07401791903105297,0.006831685099374559,0.334634282923815,0.17814871126732704,0.0164427197112524
409,0.08346180564270286,0.007631305946441232,0.3782763882103014,0.17781684936572323,0.01625863195137727
410,0.09362412966105686,0.008491629975069411,0.42543430032992857,0.17746965978372004,0.01609634917985945
411,0.10446522001882054,0.00941045778436543,0.47597353034420603,0.1771049593283792,0.01595400596352744
412,0.11594252947030793,0.010387065877304893,0.5297319585154968,0.17672507829120543,0.015832456293380367
413,0.12800569702197379,0.01142122400778416,0.5865034568592091,0.17633329713273493,0.015733222297429555
414,0.1405952526477303,0.012512820034645268,0.6460339264809634,0.17593275387218588,0.015657818069561548
415,0.15364468133158893,0.013662003521088043,0.7080296378511374,0.175526454628317,0.015607719189451282
416,0.16707636190733371,0.014868682648663414,0.7721426278175983,0.17511636167741096,0.015584189041739584
417,0.1807807084108845,0.016130167932099305,0.8378890437861688,0.17470112327446005,0.015587716638097642
418,0.19463084061899916,0.017442672084843597,0.9047067449655636,0.17427854699470746,0.015618714572591454
419,0.20849060408509967,0.018801989904831194,0.9719885110203538,0.1738463177766081,0.015677717114262343
420,0.2222176891827905,0.020203604468611424,1.039095715524406,0.17340205989595653,0.01576538143774239
421,0.23568327067665784,0.021643686767758605,1.1054465086304233,0.17294383589334925,0.01588208701340388
422,0.2488315721397974,0.023122341422651998,1.1707807757860635,0.17247216274543228,0.0160267453145479
423,0.2616440438943183,0.024641743825775022,1.2350038478364207,0.17198831687208885,0.016197930525412834
424,0.27412410012910343,0.026205404384927012,1.298119418634742,0.17149381263250404,0.01639427072421256
425,0.28629617536615226,0.027818214849481247,1.3602256428781798,0.17099046173861093,0.016614435717743237
426,0.2981818992775478,0.02948555943083079,1.4214087172392675,0.17047965284644817,0.016857790321714018
427,0.30972366292585524,0.031210171400163873,1.4813961726625662,0.16996024964637224,0.017126520048769283
428,0.32083829420314786,0.032994095541484136,1.5397994278649445,0.16943013484435301,0.017423712062006956
429,0.3314361335872209,0.03483934099565265,1.5962004985449703,0.1688867217359964,0.01775274779039706
430,0.34141989684910773,0.03674768621312424,1.6501462834071583,0.16832695496156347,0.0181173568946159
431,0.35070625766830127,0.03872032883873334,1.7012455099785404,0.1677480931887116,0.018520517351249058
432,0.35929786150411935,0.04075725552701862,1.749485233271565,0.16715101973011218,0.01896091670076307
433,0.36722599523884114,0.042857534893177826,1.794974977475467,0.16653798253964952,0.019436008044829044
434,0.37452884997146635,0.045019394835295816,1.8378472524936775,0.16591193276470853,0.019943069297840513
435,0.381251288290076,0.047240172180755866,1.8782563297718167,0.16527653777441,0.020479123196986623
436,0.3874148529451266,0.04951653790597298,1.9162429465048643,0.16463499826384626,0.021042443443272444
437,0.39292121223137644,0.051845224083358406,1.9512986961670686,0.16398603147502727,0.021637652240971434
438,0.3976351779718486,0.0542223870577897,1.9827455391882127,0.1633264893497268,0.0222715509414457
439,0.4014164165997331,0.05664349449311445,2.0098805041477417,0.16265239392361938,0.022951726931216252
440,0.40412325498783513,0.059103485461867694,2.031994436446504,0.16195889115149384,0.023686671950815287
441,0.4056539521318227,0.06159832191530101,2.0485690435552093,0.16124116180016523,0.024484378713352503
442,0.4060620045758385,0.06412987699663444,2.059826258654552,0.1604976652615627,0.02534759572549148
443,0.4054520138447966,0.06670295071453414,2.066234894904914,0.15972803087480494,0.02627766198554407
444,0.4039412288430433,0.06932429332441961,2.0683287511456134,0.15893222340184485,0.027275908689411883
445,0.40165691416469407,0.07200285537589728,2.066695176899228,0.15811054857810175,0.028343620042862786
446,0.3987005180203336,0.07474774789975175,2.061796515943541,0.1572631253883319,0.029483444137021603
447,0.3950448463285926,0.07756075789127254,2.053455632721834,0.1563876760196333,0.03070422710146778
448,0.39063608202104,0.08044187372216371,2.0413610072313375,0.1554808247196405,0.03201744396883835
449,0.3854272392632628,0.08339125450334386,2.0252343172348155,0.15453852362833667,0.03343604198575902
450,0.3793785990034814,0.08640905263805428,2.004833080180796,0.15355598458191982,0.03497463270063265
451,0.3724907973303864,0.08949820347776447,1.9801272838373845,0.15252787087673517,0.03664780585612238
452,0.36489606743127256,0.09267437681406741,1.9517948155310731,0.15144904490950226,0.03846422888270063
453,0.35675104235289073,0.09595832398181009,1.920658879585104,0.15031423925309617,0.0404312833235119
454,0.3481993740045718,0.09937292063571816,1.8874897433865445,0.14911782570830792,0.04255686530696628
455,0.3393690641390634,0.1029430618423561,1.8529912730809925,0.147853684300598,0.04484943554059406
456,0.33035818025118446,0.10669286663784093,1.8177117394796862,0.1465157143130011,0.047318887504644976
457,0.32119925712392716,0.1106366300908085,1.7818043103196528,0.14510002912021902,0.04997949992687995
458,0.31190753720414627,0.11478538670127027,1.745312379907375,0.14360348782602697,0.05284765488361062
459,0.30249612981706236,0.11914911247121086,1.7082605457161308,0.14202324418324785,0.055941024782531136
460,0.292977162663537,0.12373646596986686,1.6706576989316964,0.14035699292913648,0.059278607661150694
461,0.2833516393242013,0.1285528134711565,1.6324531075458004,0.1386018007911083,0.06288176587353138
462,0.27357718173737394,0.13359414393305824,1.593401694070925,0.13674941081267966,0.06677793942773949
463,0.2636042935267082,0.13885077422089956,1.5532238014682793,0.13478915054821763,0.0709987597690671
464,0.25338922980250056,0.14430858417585313,1.5116602692974241,0.13270911937470364,0.07557963351131655
465,0.24289548938699676,0.14994873431068637,1.4684817799938272,0.1304959415520278,0.08056016732872032
466,0.23210624746038916,0.15575060385617778,1.4235500765437261,0.12813589475146947,0.08598322191477796
467,0.22105585902245017,0.1617022244084886,1.3769731720234566,0.12561910140385013,0.09189029512732845
468,0.20979508090097038,0.16779321196871613,1.328935840704846,0.12293707236447211,0.09832454675999913
469,0.1983796634719946,0.1740124908931054,1.279645402745296,0.12008181207392371,0.10533204293337815
470,0.18686979159849312,0.1803487694889347,1.2293298046696761,0.1170461199964193,0.11296166991058298
471,0.17532956968205332,0.18679216595580247,1.1782455700018417,0.11382322192903263,0.12126469139659503
472,0.16382604353945446,0.19333827728304903,1.1266984654905332,0.11040511632919514,0.13029390524944554
473,0.1524249449120116,0.19998613481185284,1.0750036245709444,0.10678392512939307,0.14010373734425888
474,0.14118885345394816,0.2067376916111722,1.0234689868520903,0.10295268590861323,0.15074986522827077
475,0.13017593858172835,0.21359833387361907,0.9723898099469216,0.09890555465100566,0.16228852977339903
476,0.11944112251082242,0.22057545247517707,0.922049366880312,0.09463936752321823,0.17477331822218073
477,0.10904118808017062,0.22767320998885074,0.8727304416044559,0.09015804979548242,0.1882460468807468
478,0.0990269462645221,0.23489703348165714,0.8246882984496845,0.0854703062690844,0.20273998291078674
479,0.08944074760308857,0.24225520355504454,0.7781418998106203,0.0805890225540764,0.21827981749188427
480,0.08031647773361568,0.24975859351435062,0.7332731597438154,0.07553167945622549,0.23487939908584937
481,0.0716766229008659,0.2574188181216249,0.6902035296902275,0.07031952838208783,0.2525449603285987
482,0.0635254586763761,0.26524228369919356,0.6489345178883943,0.06497423730944965,0.2712914702964708
483,0.05586353062851503,0.2732338782634242,0.6094388302770013,0.05952197506830566,0.29112768038170656
484,0.048691489113417814,0.2813979901174197,0.5716854280754937,0.05399516965809452,0.31204903556030017
485,0.042010123130249495,0.2897380418385798,0.535639054671586,0.04843295148810844,0.33403540573112644
486,0.03582249490518176,0.29826408863380116,0.5012855236580304,0.04288208164548331,0.3570433894837464
487,0.03013741908897643,0.30701840464809715,0.46869511655373,0.03739825516379106,0.3809865935470707
488,0.024959483273673925,0.3160543496513767,0.4379272436519458,0.03204283870014492,0.40574872625828906
489,0.02028773706433245,0.3254286212106083,0.40900738962696803,0.02688101059590514,0.43118905707589333
490,0.016117054168395102,0.3352013906575173,0.3819330346049637,0.021980254551827963,0.45714383136013415
491,0.012439178162211642,0.34542411543461365,0.3566610769841998,0.017409032741733575,0.48343223780278816
492,0.009244826827964438,0.3560986551504048,0.33306676392454154,0.013236957622253446,0.5098703193995062
493,0.006527688115448778,0.36720935984292713,0.3110162048532529,0.009532905595768675,0.5362652288764579
494,0.0042848101191378775,0.37873403461696364,0.29038619189000825,0.006362901799198904,0.5624163972911382
495,0.0025162364227471297,0.3906431019065039,0.27106345449043245,0.00378824161101953,0.5881205916589973
496,0.0012211847423544658,0.40290809442560926,0.252944151284129,0.0018585209593914673,0.6131857959138486
497,0.00038729052487392507,0.41553090124694786,0.23593371303644103,0.0005941388251183274,0.6374621262619046
498,0.0000000000010091965641684142,0.42852045209657097,0.21994572975738946,0.0000000000015562824899851484,0.6608215880599463
499,0.00004568348561862973,0.44188412544301076,0.20490157363724298,0.00007062657571964265,0.6831519579185074
500,0.0005114116565671083,0.4556276136934434,0.19073013779048759,0.0007905952017935831,0.7043582221193042
501,0.0013886107262772297,0.46975045014452516,0.17736997139947847,0.0021412357533649503,0.7243545220951464
502,0.0026848731437020394,0.48423130603993186,0.16477473847439675,0.004119856623674636,0.7430382914957673
503,0.004412385243704874,0.4990397846954996,0.1529041706277867,0.006722545317217855,0.7603183725846325
504,0.006583839844698177,0.514140643198169,0.14172124475750117,0.009938685643818137,0.7761249286116736
505,0.009212202054032446,0.5294939190496576,0.13119197694664886,0.0137516468263509,0.7904096467667077
506,0.012311381098836574,0.5450562846023957,0.1212929706590305,0.01814070308374443,0.8031352570050284
507,0.015897680492899698,0.560785293194726,0.11202954422811533,0.023083187947579402,0.8142516341823397
508,0.019985035272254106,0.5766368314613768,0.10340412887424019,0.028548990177000497,0.8237363113360544
509,0.02458407053769813,0.5925646013968675,0.09540914134276163,0.03450115917559943,0.8316021385990212
510,0.0297024558812947,0.6085207434843037,0.08802926180563254,0.04089825159889083,0.8378914716556544
511,0.035339275408631125,0.62445928313047,0.08123542912192531,0.04768914246453765,0.8426864267069467
512,0.041467632688913625,0.6403458382182916,0.07496701176568889,0.054794796692500494,0.8461447577990334
513,0.04805319981902261,0.6561508611928003,0.06916473300117161,0.06213490923221192,0.8484320369174029
514,0.05506014745293061,0.6718478290626647,0.06377832131036447,0.06963589429122757,0.849702127012889
515,0.06245108436400867,0.6874137970604871,0.058764988873895516,0.07723074135384547,0.8500969631592086
516,0.07019512397551679,0.7028211454202171,0.05409161523984333,0.08486815961915861,0.8497333400828108
517,0.0782925205136835,0.7180101352268119,0.04974174520729254,0.09253949370266581,0.848667202835283
518,0.08675123798087447,0.7329116639680479,0.045701928408359516,0.10024816694371277,0.8469395083521614
519,0.09557903883107596,0.7474553382766118,0.04195803597173511,0.1079998397935399,0.8445895436275701
520,0.10478323071941349,0.7615694644048377,0.038495428827342144,0.11580200913918132,0.8416544658113027
521,0.11436567044245456,0.7751964166566765,0.03529842153145768,0.12365721033087695,0.8381765784382824
522,0.12430934900532274,0.7883416006786099,0.032348798924701425,0.13154431965548036,0.8342241379845031
523,0.13459355613801638,0.8010307983938707,0.029628762066960954,0.13943861337870453,0.8298660575335631
524,0.14519907319876238,0.8132942467055486,0.02712166186977689,0.14731824889411366,0.8251642494735973
525,0.1561084592152293,0.8251656201478048,0.024811930089833834,0.1551641288602399,0.820174033228579
526,0.1673053844423479,0.8366727109383751,0.022685376784436623,0.1629602970966843,0.8149434879317293
527,0.17877127074847154,0.8478106262971493,0.02072996403331332,0.17069535578858286,0.8095111473517926
528,0.19048624387287763,0.8585651521802963,0.018934333594311164,0.17836028945419738,0.8039106968813964
529,0.20242986743666241,0.8689211838635763,0.017287480560956088,0.1859477333496339,0.7981723578881799
530,0.21458132338402236,0.8788631139257913,0.015778816050159836,0.19345187971314992,0.792323016366279
531,0.22692563264394436,0.8883829810809662,0.014397909089754952,0.20087131308984457,0.7863838644283991
532,0.23947346877250256,0.8975041195953064,0.013133793775135022,0.20821763221428505,0.7803627835793022
533,0.25224502893011863,0.9062606607059,0.011976249635032798,0.2155052722019879,0.774262831659152
534,0.26526462738215717,0.9146907448731577,0.010916055879495002,0.22274833463560811,0.7680852216815569
535,0.27856093685453936,0.9228368040381631,0.009944889004224538,0.22996048349940598,0.7618297096641328
536,0.29215704798080305,0.9307284268924619,0.00905540526649204,0.23715184120496063,0.7554976394539938
537,0.30603690389009575,0.9383286345197768,0.00824158254903679,0.24431994579099559,0.7491005111015635
538,0.3201714171069879,0.945582771782846,0.007497884158577621,0.251459568677894,0.742651664818372
539,0.3345275530472834,0.9524346425565762,0.006819040076623481,0.2585657789907069,0.7361635926460391
540,0.3490676666682981,0.9588257852814723,0.006200049329071909,0.26563381245595863,0.729648068686412
541,0.3637556450081149,0.9647055103621112,0.005636121968733463,0.2726605107340265,0.7231148183484407
542,0.37857818342811517,0.9700639837733531,0.005122553441667537,0.27964843347983187,0.7165676346717788
543,0.3935272642941201,0.9749000433945985,0.004654953868890624,0.28660137510458195,0.7100084755946688
544,0.4085935663874887,0.9792101652610261,0.004229290017874351,0.2935228978249132,0.703438891190112
545,0.4237661969396615,0.9829884760092625,0.0038418627705727212,0.30041630346377746,0.6968601234426497
546,0.43903843472786597,0.9862406955622252,0.0034892864633154132,0.3072845323145468,0.6902733039153133
547,0.4544267816006154,0.9890250847939072,0.0031684703374154207,0.31412995522184595,0.6836797877653338
548,0.4699560982342181,0.9914110514401299,0.0028765884472785517,0.32095482876169995,0.677080615493661
549,0.4856525404476927,0.9934627909428374,0.0026110529158111977,0.3277612827789708,0.6704765478060373
550,0.5015399843260218,0.9952332032721811,0.0023694833102094674,0.3345512032034358,0.6638682378836666
551,0.5176461642713749,0.996767791383049,0.002149773037012359,0.3413283296166029,0.6572541414023584
552,0.5340092276275439,0.9980922684007532,0.0019502046836812473,0.34810380079087394,0.6506249221832109
553,0.5506110406275389,0.9991275534077371,0.0017690292460352086,0.3548877442593815,0.6439720555769262
554,0.5674245717981327,0.9997904426253161,0.0016046272571750685,0.36168884983507077,0.6372883256065524
555,0.5844156762899365,0.9999978919139378,0.0014555090742333697,0.3685144534711486,0.6305677475156243
556,0.601546147972641,0.9996902139917264,0.0013202972196282715,0.37536653978832907,0.6238095909200226
557,0.6187875011026471,0.998899324236925,0.0011976944248953797,0.38223078517834913,0.6170293878542092
558,0.63611735042157,0.9976805048193598,0.0010865172041508646,0.3890901161836989,0.6102453003005105
559,0.6535170746989092,0.9960892585865181,0.0009856943725105437,0.3959288932385062,0.6034739305023129
560,0.6709719779321541,0.9941809941497771,0.0008942561939620249,0.40273286767897243,0.5967303791133244
561,0.688474970257181,0.9919965625914542,0.0008113282910156051,0.4094938372181472,0.5900235977657164
562,0.7060350406608681,0.9895195795214665,0.0007361295505428984,0.4162228914895932,0.5833431442559541
563,0.7236611449479942,0.986720199112053,0.0006679510695075475,0.4229341299563208,0.5766754949262535
564,0.741357698069376,0.9835695384145329,0.0006061468747351562,0.42963973065903194,0.5700089884671344
565,0.7591243949700681,0.9800397305478378,0.0005501281054466712,0.4363500462153586,0.5633337362769092
566,0.7769482784932954,0.9761102627534991,0.0004993581127501937,0.44306964644683916,0.5566455850188955
567,0.7947825641032775,0.9717862810646061,0.0004533463870873625,0.4497864078344555,0.5499570326332115
568,0.8125723642641186,0.9670792172098657,0.0004116469420841706,0.456485113164862,0.5432836327226364
569,0.8302629754107591,0.9620004044150267,0.00037385497618766273,0.46315169588813965,0.5366397538436134
570,0.847799915220345,0.9565609218850011,0.0003396031605694176,0.46977320795434896,0.530038615020261
571,0.8651312781962641,0.9507651918161053,0.0003085583445238899,0.47634009634856134,0.5234900118497388
572,0.8822124803326639,0.9445923322431434,0.00028041856391844975,0.48285239533261654,0.5169941260232901
573,0.898997097491131,0.938016182726582,0.00025491003946911045,0.4893118502015151,0.5105494057431419
574,0.9154345200837183,0.9310120032759788,0.00023178453916020947,0.49571953933075424,0.5041549463670694
575,0.9314701948155181,0.9235567577238393,0.00021081703736354013,0.5020759118266745,0.4978104547400154
576,0.9470660955524394,0.9156495484610252,0.0001918035938818383,0.50838064809329,0.4915163926351004
577,0.962263727718952,0.9073706743097828,0.0001745593246150253,0.5146321082034363,0.4852745350268493
578,0.9771274228963848,0.8988171091480116,0.0001589168114437061,0.5208281150446663,0.47908717917242993
579,0.9917242244552761,0.890081476078438,0.00014472447675596386,0.5269661789575348,0.4729569197198625
580,1.006124352653087,0.8812521723230777,0.00013184513485974515,0.5330436508707541,0.46688649771192375
581,1.020360387194419,0.8723875807631438,0.000120154627243683,0.5390551909137049,0.460881331538224
582,1.0343000996209173,0.8634396342007146,0.00010954058658130287,0.544985375587022,0.4549569061378449
583,1.0477692811600259,0.8543360987545212,0.00009990138026125952,0.5508181958399474,0.4491292854433591
584,1.06059195383926,0.8450070996075865,0.00009114504949867841,0.5565395438755488,0.4434126282825645
585,1.072590201120023,0.8353850007070783,0.00008318843839817013,0.5621369904569723,0.43781941106678474
586,1.0836196803611542,0.8254182687610875,0.00007595633427551574,0.5676034715707722,0.43235674225719345
587,1.0936683059241736,0.8151117077886322,0.00006938071006597102,0.5729463566479205,0.4270172964772194
588,1.102756416520813,0.8044846384519315,0.00006340001867914206,0.578175347745293,0.4217914116157973
589,1.1109036265854324,0.7935571447492574,0.000057958642542292386,0.5832988718355703,0.41667069599191825
590,1.1181284929537894,0.7823499916107883,0.000053006252612403435,0.5883241074174554,0.4116480023566427
591,1.1244372916453358,0.7708830711284526,0.000048497343307658994,0.5932551258523199,0.40671928686262543
592,1.129791650434642,0.759170886301689,0.00004439074363642382,0.598087616302097,0.4018888841844864
593,1.134146346219867,0.7472267254394238,0.00004064920692005502,0.6028160279907501,0.3971623663376907
594,1.1374605913005582,0.735063969539984,0.000037239039281374866,0.6074355417127262,0.3925445716062127
595,1.139699472929577,0.722696217630825,0.00003412975052595627,0.6119422383063579,0.3880394363048658
596,1.1408389958629646,0.7101380356756666,0.000031293743985021065,0.6163338004915665,0.3836492931857781
597,1.140884447080619,0.6974073094371083,0.00002870602937364367,0.6206123852311674,0.37937199941233835
598,1.1398495180509274,0.684523196117054,0.00002634397773195207,0.6247808082127876,0.3752047519761335
599,1.1377508928349744,0.6715051701265513,0.000024187094423164404,0.6288417136039547,0.37114491804450206
600,1.1346082364065626,0.658373025777251,0.000022216809538183205,0.6327975654813381,0.3671900436840659
601,1.1304322110922176,0.6451437260131019,0.00002041629681950992,0.6366493200587218,0.36333918166534385
602,1.125193405466035,0.6318221673718175,0.000018770293305334472,0.6403935186951791,0.35959579836434286
603,1.1188580754282302,0.6184109838569651,0.000017264959550694475,0.6440262953860721,0.3559637667244104
604,1.1114003161473025,0.6049135325636094,0.000015887741271042434,0.6475447535184428,0.35244598966980745
605,1.1028016142110462,0.5913340633849888,0.000014627242941101675,0.6509467377605933,0.34904462826938687
606,1.0930611146730986,0.5776808753783568,0.000013473121883195234,0.6542316567362886,0.3457602791740344
607,1.0822232795764588,0.5639760439585075,0.000012415978734106048,0.657402236662553,0.34259022118570787
608,1.0703451188732844,0.5502443697614327,0.000011447275177320618,0.6604618664324873,0.33953106996849614
609,1.057486370946536,0.5365098577561178,0.00001055925392747797,0.6634139697122423,0.3365794059408558
610,1.0437076242851877,0.5227956063924989,0.000009744859257904853,0.6662617166815628,0.3337320625852481
611,1.029067174026816,0.5091220239768368,0.000008997676396060053,0.6690081791260052,0.3309859713830637
612,1.0136091533427602,0.4955019250250462,0.000008311868331542794,0.6716560398737947,0.3283384523655965
613,0.9973757426828325,0.48194620414812417,0.000007682123720187,0.6742079136125987,0.3257868934110897
614,0.9804105002384609,0.4684655616739305,0.00000710360763443307,0.676666361767394,0.3233287354165587
615,0.9627588872581486,0.455070524502307,0.000006571916255488036,0.6790340337967278,0.3209613310294361
616,0.9444730975896248,0.44177375652039447,0.00000443100048263586,0.6813144974032167,0.31868230620625143
617,0.9256322788262027,0.42859692428522217,0.00000410328362990477,0.683510200535696,0.31648676949626914
618,0.9063179590263237,0.41556238488598557,0.0000038016356744013634,0.6856258637178918,0.31437126036012425
619,0.8866085066927015,0.40269059229450777,0.0000035238455712950168,0.6876651695198579,0.3123320973393659
620,0.866578682379851,0.3900001558798426,0.0000032678967666270657,0.6896315633766881,0.31036583599996187
621,0.8462809893368269,0.37750163755971855,0.0000030319498038853253,0.6915271340363701,0.30847038844660557
622,0.8256941388375556,0.36518004582146163,0.0000028143265405898094,0.6933496402574899,0.30664799650386926
623,0.8047862917283775,0.3530163619983408,0.0000026134958132507527,0.6950964160484308,0.30490132666712993
624,0.7835343627056844,0.34099403767183706,0.0000024280604229468387,0.6967655691521334,0.30323227167146916
625,0.7619239418486923,0.3290992084129375,0.0000022567452890135777,0.6983558191728348,0.3016421123645295
626,0.7399701364167236,0.3173276793805226,0.0000020983866716169078,0.6998677730791961,0.3001302422552957
627,0.7177737840551096,0.30570399872438797,0.0000019519223664118324,0.7013072752868864,0.2986908175699624
628,0.6954486102960018,0.29425720800140914,0.000001816382747580136,0.7026808583938511,0.297317306334111
629,0.6730987225978396,0.28301328982041524,0.0000016908826193168574,0.7039944310745077,0.2960038004301621
630,0.6508187813527185,0.27199528016526364,0.0000015746137655610359,0.7052533094051334,0.29474498428029633
631,0.6286877477063666,0.26122125220335873,0.0000014668381506064612,0.7064617972231161,0.2935365544783129
632,0.6067523403590064,0.2506990902099396,0.0000013668817063050878,0.7076218564601813,0.2923765494209233
633,0.5850502268922729,0.24043375241635245,0.0000012741286522986443,0.708734922224418,0.2912635342850751
634,0.5636168533449766,0.23042949556469158,0.0000011880163080512954,0.7098024074565183,0.29019609639085503
635,0.5424855418686235,0.2206899702844209,0.0000011080303354797432,0.7108256824459225,0.28917286568788286
636,0.5216887377998012,0.21121823066576095,0.000001033700397898647,0.7118065790768507,0.28819201051366417
637,0.5012611268381184,0.20201701744569367,0.0000009645961868545827,0.7127484955957208,0.28725013283476336
638,0.48123506506629216,0.19308857894570217,0.000000900323789451092,0.7136549738676847,0.2863436909832435
639,0.4616394368351233,0.18443460044569177,0.000000840522361372307,0.7145293102942155,0.2854693887383729
640,0.44249969386882226,0.17605623134412066,0.0000007848610989600293,0.7153744946293681,0.2846242365118738
641,0.4238291809004708,0.16795172920093546,0.0000007330364714721911,0.7161918349699872,0.2838069263358424
642,0.40560571144686086,0.16011013936573193,0.0000006847696909902286,0.7169769415160843,0.28302184803725583
643,0.3878039584419982,0.15251953051497127,0.0000006398044271291096,0.7177246726533839,0.2822741432343527
644,0.3704044348284809,0.14516934564011957,0.0000005979047074790677,0.7184306481581694,0.281568192155212
645,0.3533927222493043,0.138050422144785,0.0000005588530309421178,0.7190909557174697,0.2809079071166102
646,0.336768175845314,0.13115719065230746,0.000000522448657340971,0.7197040894738298,0.28029479400607654
647,0.3205671749519252,0.12449404512285507,0.0000004885060554487778,0.7202757927077459,0.2797231096780447
648,0.3048287615578677,0.11806647822520959,0.00000045685351301781125,0.7208131082492858,0.2791858114523885
649,0.28958472394547347,0.11187844558538045,0.0000004273318874688305,0.7213224965064047,0.2786764390586357
650,0.2748601512880019,0.1059323764804082,0.00000039979347946868623,0.7218100216510176,0.2781889284516483
651,0.2606719467887471,0.1002289983662168,0.00000037410104472514726,0.7222803932280367,0.2777185701976292
652,0.24702473551778092,0.0947668051766439,0.0000003501268983867082,0.7227343367456215,0.27726463886817215
653,0.2339182960799528,0.0895429810524987,0.0000003277521238208449,0.7231717537647928,0.2768272329708232
654,0.22134970141087992,0.08455379677067884,0.0000003068658833896064,0.7235925077053263,0.27640648914963817
655,0.20931365287339138,0.07979472748821306,0.00000028736480186778774,0.7239964630582167,0.2760025429736531
656,0.19780193873849344,0.07526021889924633,0.00000026915242070826236,0.7243835816726911,0.2756154326464012
657,0.18680184428298832,0.0709430559002198,0.00000025213874032679745,0.7247540549265302,0.27524496682523486
658,0.17629915087464926,0.06683557859452235,0.00000023623979199048267,0.725108173398976,0.2748908549604733
659,0.1662790190628522,0.06293006879158344,0.0000002213772879736748,0.7254461854982913,0.2745528486714432
660,0.1567261986386703,0.059218806757954094,0.00000020747830523777477,0.7257683398123875,0.2742306993962039
661,0.14763415606766886,0.05569749851343253,0.0000001944900046768627,0.7260749200979357,0.27392412338686234
662,0.13892598414855006,0.05233582059388427,0.0000001822458488910459,0.7263648482176477,0.2736341989226034
663,0.1306529860368507,0.049151472482085776,0.00000017079968570476242,0.7266386106518289,0.2733604394299942
664,0.1228002265659715,0.04613746620071487,0.00000016009764415041967,0.7268958642713962,0.27310318805677397
665,0.11535274295696667,0.04328687570351463,0.00000015008965604258425,0.7271363534237805,0.2728627004726213
666,0.1082955658017438,0.04059280315985142,0.00000014072916961388773,0.7273601302522882,0.27263892454938904
667,0.1016138014822606,0.0380482552127844,0.00000013197289552003885,0.7275684453424727,0.2724306097138973
668,0.0952926318928422,0.03564638044836945,0.00000012378055659261532,0.7277627966341843,0.27223625803686163
669,0.08931733450578157,0.033380532876988465,0.00000011611466683400874,0.7279445999016552,0.27205445375298914
670,0.08367335590849938,0.03124427316363462,0.00000010894033090952745,0.7281152357821687,0.2718838162324916
671,0.07834629721854765,0.0292313774960468,0.00000010222505284088704,0.7282758525722377,0.2717231971845452
672,0.07332184260799425,0.027335851868337986,0.00000009593855842993633,0.7284269037277366,0.2715721431561853
673,0.06858598107009316,0.025551907708137606,0.00000009005264504829226,0.7285686597681447,0.27143038362915195
674,0.06412507179725473,0.023873955171539434,0.00000008454101928145668,0.7287013550142908,0.2712976842826086
675,0.05992587144193091,0.02229659980671689,0.00000007937917622617703,0.7288252551685261,0.2711737794129162
676,0.05597564255541244,0.02081468368036888,0.00000007454426107109544,0.7289406226143874,0.2710584066358794
677,0.05226244397156317,0.01942337592402664,0.00000007001495814094807,0.7290478507943194,0.2709511725147554
678,0.048774713988156415,0.018118027912680107,0.00000006577138224531313,0.7291473580710984,0.2708516586934159
679,0.045501172815717854,0.016894139191110814,0.00000006179497519023462,0.7292395259983586,0.2707594836241273
680,0.04243085113642733,0.015747360478989822,0.000000058068421721188,0.7293247352836628,0.2706742666044642
681,0.03955282811999795,0.014673392871471085,0.0000000545755555152984,0.7294033696101814,0.2705956239486619
682,0.036855585591835896,0.013667748548665318,0.00000005130128365740966,0.7294757718542519,0.2705232127489529
683,0.03432806500875393,0.01272613318549908,0.00000004823151226752638,0.7295423392426718,0.27045663573799555
684,0.03195993269447746,0.011844549007024963,0.000000045353079030431615,0.7296034187209611,0.2703955459276249
685,0.029741531225391696,0.011019269885753902,0.0000000426536913763034,0.7296593612482754,0.2703395923138338
686,0.027664470037998077,0.010247061533067606,0.00000004012186168805807,0.7297104499405138,0.2702884917582897
687,0.025723132826048413,0.009525748971531797,0.000000037746857011011936,0.7297566325010348,0.270242296633319
688,0.02391214275767572,0.008853257815077868,0.000000035518652949975757,0.729797787246519,0.2702011287253958
689,0.022225745736070158,0.008227382744715307,0.00000003342787396549187,0.7298337625082607,0.27016513981018936
690,0.020657947429855286,0.007645834117301229,0.00000003146576339190148,0.7298644680992453,0.2701344201861113
691,0.019202072395214938,0.007106078357397108,0.000000029624129208401977,0.7298897955022104,0.27010907845528936
692,0.017849541834960656,0.006604873548929253,0.000000027895319057977524,0.7299099648748184,0.2700888944196362
693,0.016592037428750442,0.006139083605855343,0.000000026272176086243993,0.7299252081218172,0.2700736360994739
694,0.015422039116793797,0.005705875281128495,0.00000002474800643145465,0.7299357978208475,0.27006303083885946
695,0.014332725967792932,0.005302683558372844,0.000000023316553255147393,0.7299419413159316,0.2700568712107164
696,0.013318097046412784,0.004927250470531392,0.000000021971963968568766,0.7299439484911071,0.27005484726011175
697,0.01237334711482615,0.004577765659058887,0.00000002070876328431253,0.7299421674362881,0.27005661088946187
698,0.011494107350431677,0.004252584073043525,0.00000001952183138091655,0.7299370256020085,0.2700617346577406
699,0.010676221674044474,0.003950145326615957,0.00000001840637856950574,0.7299289179749431,0.27006982358846743
700,0.00991574621747327,0.0036689720779877217,0.000000017357925387186785,0.729918231055272,0.2700804911925634
701,0.00920886698080421,0.003407638927089701,0.00000001637227741543388,0.7299053397050045,0.2700933626095437
702,0.008551696570392045,0.003164699226755874,0.00000001544551316974353,0.7298904411321893,0.27010824058759236
703,0.007940575747291248,0.002938793700287616,0.000000014573962845425083,0.7298736519979919,0.27012500840752207
704,0.007372140012256425,0.0027286729498657955,0.000000013754190381442803,0.7298551117950166,0.27014352651541396
705,0.006843293090572131,0.002533188216771339,0.000000012982981747859413,0.7298349338977494,0.2701636814715617
706,0.00635125552840521,0.0023513094331264277,0.000000012257325889497137,0.7298131770256217,0.27018541450357936
707,0.005893714424947872,0.0021821815338961686,0.000000011574410421568215,0.7297897357887156,0.27020883100883947
708,0.005468530559755067,0.0020250146055934377,0.000000010931594532644266,0.7297644121174898,0.270234129083191
709,0.005073657539681852,0.0018790522986054383,0.000000010326413264665665,0.7297370553529776,0.27026145941347074
710,0.004707143361520392,0.0017435733611641867,0.000000009756555624418171,0.7297074797185977,0.270291007807473
711,0.004367127440881038,0.0016178897035082301,0.00000000921985454205654,0.7296755561464952,0.270322903366633
712,0.004051834260607449,0.001501342157029186,0.000000008714286681708805,0.7296414876058918,0.2703569431529476
713,0.003759582850037111,0.001393307371987308,0.000000008237951983672165,0.729605459769593,0.27039294152784227
714,0.0034887875239555414,0.0012931971013729867,0.00000000778907429037122,0.7295677662406385,0.2704306049248476
715,0.003237954942448116,0.0012004586875156138,0.000000007365989188693872,0.7295285745540087,0.2704697658492124
716,0.003005650818063218,0.0011145612032631453,0.000000006967134051030871,0.7294881234422755,0.2705101855956493
717,0.0027904204177519013,0.0010349670991717176,0.000000006591049204023367,0.729446519493548,0.27055175753385946
718,0.002590905462239023,0.0009611747426326902,0.000000006236363707679847,0.729403832114486,0.2705944121952146
719,0.0024058669187507083,0.0008927264104564594,0.000000005901795889564737,0.7293601769315632,0.27063803388597585
720,0.0022341738121249986,0.0008292048540904678,0.0000000055861398131961805,0.72931556346784,0.2706826130130213
721,0.002074814849318445,0.0007702368091712985,0.00000000528827127391347,0.7292700596663058,0.27072808157607603
722,0.0019269437336498093,0.0007155104289952446,0.000000005007131095286422,0.7292236548779093,0.2707744502466079
723,0.0017897847663354517,0.0006647399642519928,0.000000004741727716044394,0.7291763193404606,0.27082174883196536
724,0.0016626060415401108,0.0006176558020517364,0.000000004491132799495732,0.7291280041376741,0.27087002629731033
725,0.0015447182542971376,0.0005740038915543772,0.0000000042544730652095385,0.7290786833356555,0.27091930863109187
726,0.0014354618032905882,0.0005335409816541802,0.00000000403092910822045,0.729028356691344,0.2709695961196489
727,0.0013341766598075416,0.0004960232404284888,0.000000003819736796593819,0.7289771325715314,0.27102078037293753
728,0.0012402458440135067,0.0004612226205649439,0.0000000036201739408326926,0.728925179042238,0.2710726932860987
729,0.0011531031505965124,0.0004289300101351912,0.0000000034315649245455838,0.7288726166077885,0.2711252143115839
730,0.0010722292497388256,0.00039895357256469755,0.000000003253276576264146,0.7288196017733771,0.27117818689752565
731,0.0009971479223785103,0.0003711175159962707,0.0000000030847104726211348,0.7287662513276865,0.27123149420952314
732,0.0009274239598425853,0.0003452614418799144,0.0000000029253107668321493,0.7287125529032557,0.27128514856794916
733,0.0008626572085041955,0.0003212379923811014,0.000000002774547732081713,0.7286584033465089,0.2713392530835299
734,0.0008024793369729919,0.00029891140704756873,0.0000000026319328260858194,0.7286037436700131,0.27139386669075016
735,0.0007465509811224617,0.00027815659111469734,0.0000000024969984323570485,0.7285484973123865,0.2714490659023145
736,0.0006945673671114801,0.000258861235688247,0.000000002369311710980345,0.7284925573304097,0.27150495763209903
737,0.0006462755154497673,0.0002409323266708349,0.000000002248460373192255,0.7284357136048397,0.2715617520908314
738,0.000601441526220634,0.00022428384783025726,0.000000002134060471643619,0.7283777278975182,0.2716196876415663
739,0.0005598418338950968,0.00020883350150096688,0.000000002025751004647005,0.7283183585108658,0.2716790061168609
740,0.0005212634107135665,0.0001945027995901132,0.0000000019231914231851524,0.7282573592208305,0.27173995388751676
741,0.00048549499855617676,0.00018121370772926758,0.0000000018260577115385743,0.7281945837122197,0.27180267738142905
742,0.0004523050725856408,0.0001688801440158116,0.0000000017340528769604957,0.7281303512721955,0.2718668572125044
743,0.0004214759926078096,0.00015742114213491995,0.0000000016468904110556111,0.7280650883713677,0.2719320667609917
744,0.0003928115525562564,0.00014676377765384074,0.0000000015643046738368229,0.7279992092869408,0.27199789158099885
745,0.0003661347216538806,0.00013684228156870076,0.0000000014860431764205003,0.7279331610947416,0.2720638844187185
746,0.0003412908165230294,0.00012759933523336496,0.000000001411869371026447,0.7278672575892676,0.27212973133209395
747,0.0003181585360971469,0.00011899034432715205,0.0000000013415593612937925,0.7278013829054832,0.2721955482195767
748,0.00029662839798034264,0.000110975109593618,0.0000000012749034270443054,0.7277353228719745,0.27226154933492336
749,0.0002765966465115221,0.00010351548783773073,0.000000001211703209217766,0.7276688634693377,0.27232794878884325
750,0.00025796507817468924,0.00009657535366937474,0.0000000011517739890745497,0.7276017541925196,0.27239499717870946
751,0.00024063928223038184,0.00009011988808895812,0.0000000010949358504590258,0.7275338289039106,0.27246286073518594
752,0.00022452454639075172,0.00008411408532006307,0.000000001041023869108077,0.7274649574416827,0.272531669615818
753,0.00020953180756255683,0.00007852498609353156,0.0000000009898811603443752,0.7273950559140586,0.27260150768804864
754,0.00019557890478957255,0.00007332217660920149,0.0000000009413615410420445,0.7273240371415918,0.27267246209805185
755,0.00018259001290394796,0.00006847758282325511,0.0000000008953222058182004,0.7272518034452011,0.2727446305071356
756,0.00017049490199762038,0.00006396517109964826,0.0000000008516350286571044,0.727178322751597,0.2728180449372636
757,0.00015922785022443538,0.00005976051369436369,0.0000000008101732871382036,0.7271037524324337,0.2728925479632799
758,0.00014872812962775456,0.00005584103143782766,0.0000000007708180136222155,0.7270282991167231,0.2729679328905592
759,0.00013893984487009555,0.000052185955288608494,0.0000000007334593439827095,0.7269521517496694,0.273044010691358
760,0.00012981154837870117,0.00004877616306981506,0.0000000006979947166644215,0.7268755502297242,0.2731205413715235
761,0.0001212966592225745,0.00004559437430633814,0.0000000006643218707641382,0.7267986411824087,0.27319737826086304
762,0.00011335525932668139,0.00004262586210641137,0.0000000006323476924769017,0.7267212771949559,0.2732746688200289
763,0.00010595058416627776,0.00003985705044530655,0.0000000006019820731719981,0.7266433408802813,0.2733525305321489
764,0.00009904788072446691,0.00003727511121413268,0.0000000005731436054034745,0.7265646307352633,0.2734311649761747
765,0.00009261440749110869,0.00003486794059202206,0.0000000005457523324475599,0.7264849793152812,0.2735107396999054
766,0.00008661831373813718,0.00003262374008850606,0.0000000005197346519700898,0.7264042627662014,0.27359137860049804
767,0.00008102609518726301,0.000030530042355591196,0.0000000004950153938540437,0.7263225263182459,0.27367303633560536
768,0.00007580629410700151,0.00002857512475391416,0.0000000004715299227027517,0.7262399044811231,0.27375557816513935
769,0.00007093031890533336,0.00002674834284681355,0.0000000004492126609957426,0.7261564750613704,0.2738389260775573
770,0.00006637216219356567,0.000025040010776869296,0.00000000042800684594573344,0.726072351995119,0.27392296586214165
771,0.00006210914896000682,0.000023441700058117163,0.0000000004078534349880878,0.7259875685199274,0.27400766412246863
772,0.00005812418447148797,0.00002194710579129491,0.0000000003886965692372469,0.7259019072273275,0.2740932384149984
773,0.000054401757947538286,0.00002055051260342061,0.00000000037048732435715504,0.725815090621713,0.27417996642605436
774,0.00005092684495547754,0.000019246374433334336,0.00000000035317880058023064,0.7257268383537031,0.27426812871455836
775,0.000047684950815835265,0.000018029327389181733,0.00000000033672095179455086,0.7256369206386593,0.2743579553725269
776,0.00004466143062182724,0.00001689393833246392,0.00000000032107281645813076,0.7255451218589125,0.27444966216809924
777,0.00004183971444838055,0.000015834003145326794,0.0000000003061909576570174,0.7254516280084023,0.2745430629991333
778,0.00003920403406836881,0.000014843612795633696,0.0000000002920393708970061,0.7253566900757781,0.274637906584579
779,0.00003674006676250626,0.000013917404477266675,0.00000000027857851653367385,0.725260535540835,0.27473396523115867
780,0.00003443478873165796,0.00001305050238729378,0.0000000002657738625902591,0.7251634177816444,0.2748309852773071
